29994834,reflexmini,0,0,0,0,21942906,1,,,,,,,,,,,,,
30775431,comp,0,0,0,0,,,,,,,,,,,,,,,
32183355,barlong,0,0,0,0,23762886,1,,,,,,,,,,,,,
30516890,laserads,0,0,0,0,25459755,1,,,,,,,,,,,,,
24768669,gripvert,0,0,0,0,25348304,3,19824065,4,30773835,5,27434415,6,,,,,,,
29550275,reflex,0,0,0,0,,,,,,,,,,,,,,,
21285448,xmags,0,0,0,0,20563082,1,28114200,2,,,,,,,,,,,
17831925,pistolgrip03,0,0,0,0,,,,,,,,,,,,,,,
31918719,stockl,0,0,0,0,29794165,1,25348304,3,19824065,4,30773835,5,26464392,6,30763008,7,,,
20382279,silencer3,0,0,0,0,,,,,,,,,,,,,,,
21280805,holo2,0,0,0,0,,,,,,,,,,,,,,,
30510337,barshort,0,0,0,0,19334029,1,30812200,2,32703979,3,25459755,4,,,,,,,
20205422,laser,0,0,0,0,19824065,2,,,,,,,,,,,,,
28339901,gripangpro,0,0,0,0,31297372,1,31029990,2,,,,,,,,,,,
21222352,fastmags,0,0,0,0,32703979,1,,,,,,,,,,,,,
23260508,acog,0,0,0,0,,,,,,,,,,,,,,,
23088482,pistolgrip05,0,0,0,0,23762886,1,30773835,2,27434415,3,30524708,4,,,,,,,
31933458,stocks,0,0,0,0,20563082,1,19334029,2,,,,,,,,,,,
24870434,silencer,0,0,0,0,,,,,,,,,,,,,,,
18031733,barmid,0,0,0,0,21942906,1,24701217,2,23250716,3,,,,,,,,,
31971809,reflexmini2,0,0,0,0,,,,,,,,,,,,,,,
24337781,lasermix,0,0,0,0,,,,,,,,,,,,,,,
24414846,gripcust,0,0,0,0,23762886,1,19334029,2,23250716,3,,,,,,,,,
29099347,smags,0,0,0,0,30302854,1,,,,,,,,,,,,,
25752712,pistolgrip01,0,0,0,0,21942906,1,30763008,2,,,,,,,,,,,
25068503,reflex2,0,0,0,0,,,,,,,,,,,,,,,
18262762,stockfold,0,0,0,0,31029990,1,,,,,,,,,,,,,
25654623,linearbrake,0,0,0,0,23762886,1,30302854,2,25348304,3,30773835,4,23250716,5,,,,,
24172503,barcust,0,0,0,0,,,,,,,,,,,,,,,
29437566,laserrange,0,0,0,0,,,,,,,,,,,,,,,
28053407,reflexmini3,0,0,0,0,,,,,,,,,,,,,,,
26787438,gripang,0,0,0,0,29794165,1,30812200,2,,,,,,,,,,,
27652698,xmagslrg,0,0,0,0,21942906,1,26464392,2,30763008,3,,,,,,,,,
19192275,pistolgrip02,0,0,0,0,30302854,1,,,,,,,,,,,,,
19753887,stockno,0,0,0,0,31297372,1,29543291,2,23250716,3,,,,,,,,,
24281278,reflex3,0,0,0,0,19824065,1,,,,,,,,,,,,,
32139454,silencer4,0,0,0,0,31029990,1,30812200,2,32703979,3,25459755,4,,,,,,,
30852156,barcust3,0,0,0,0,29543291,1,20563082,2,31029990,3,27434415,4,30763008,5,,,,,
20110465,laserbalanced,0,0,0,0,,,,,,,,,,,,,,,
30458129,gripvertpro,0,0,0,0,32703979,3,28114200,4,,,,,,,,,,,
23778066,holo,0,0,0,0,,,,,,,,,,,,,,,
27447638,fastmags2,0,0,0,0,30524708,1,23250716,2,,,,,,,,,,,
33099127,pistolgrip04,0,0,0,0,31297372,1,21061582,2,25348304,3,,,,,,,,,
21713054,stockh,0,0,0,0,30302854,3,30812200,4,24701217,5,27434415,6,30524708,7,25459755,8,28114200,9,
22729948,silencer2,0,0,0,0,19334029,1,24701217,2,27434415,3,30524708,4,28114200,5,,,,,
28570151,reflex4,0,0,0,0,24701217,1,,,,,,,,,,,,,
24274182,barcust2,0,0,0,0,28114200,1,,,,,,,,,,,,,
30927389,lasermix2,0,0,0,0,31029990,1,,,,,,,,,,,,,
31763035,gripcust2,0,0,0,0,21061582,1,30524708,3,,,,,,,,,,,
33159826,smags2,0,0,0,0,30812200,1,25459755,2,,,,,,,,,,,
22711647,acog2,0,0,0,0,30763008,1,,,,,,,,,,,,,
23469499,pistolgrip06,0,0,0,0,26464392,1,,,,,,,,,,,,,
22053221,stockcust,0,0,0,0,21942906,2,,,,,,,,,,,,,
22951209,vzscope,0,0,0,0,,,,,,,,,,,,,,,
